caseId,volume,page,year,caseTitle,oldCite,usCite,dateDecision,docket,term,termId,issue,dateArgument,daysArgument,votesPetitioner,votesRespondent,advocateName,advocateRole,pdfSource,urlOyez
"52214",444,394,1980,"United States v. Bailey","","444 U.S. 394","1980-01-21","78-990","1979","1979-10","statutory construction of criminal laws: escape from custody","1979-11-07",1,6,2,"Edwin S. Kneedler","","loc","https://www.oyez.org/cases/1979/78-990"
"52100",448,242,1980,"United States v. Ward","","448 U.S. 242","1980-06-27","79-394","1979","1979-10","self-incrimination (other than as pertains to Miranda or immunity from prosecution)","1980-02-26",1,8,1,"Edwin S. Kneedler","","loc","https://www.oyez.org/cases/1979/79-394"
"52170",447,807,1980,"Mohasco Corporation v. Silver","","447 U.S. 807","1980-06-23","79-616","1979","1979-10","employment discrimination: on basis of race, age, religion, illegitimacy, national origin, or working conditions.","1980-03-25",1,6,3,"Edwin S. Kneedler","","loc","https://www.oyez.org/cases/1979/79-616"
"52332",449,166,1980,"United States Railroad Retirement Board v. Fritz","","449 U.S. 166","1980-12-09","79-870","1980","1980-10","poverty law, constitutional","1980-10-06",1,7,2,"Edwin S. Kneedler","","loc","https://www.oyez.org/cases/1980/79-870"
"52357",453,156,1981,"Lehman v. Nakshian","","453 U.S. 156","1981-06-26","80-242","1980","1980-10","jury trial (right to, as distinct from extra-legal jury influences)","1981-03-31",1,5,4,"Edwin S. Kneedler","","loc","https://www.oyez.org/cases/1980/80-242"
"52250",453,114,1981,"United States Postal Service v. Council of Greenburgh Civic Associations","","453 U.S. 114","1981-06-25","80-608","1980","1980-10","First Amendment, miscellaneous (cf. comity: First Amendment)","1981-04-21",1,7,2,"Edwin S. Kneedler","","loc","https://www.oyez.org/cases/1980/80-608"
"52554",454,312,1981,"Polk County v. Dodson","","454 U.S. 312","1981-12-14","80-824","1981","1981-10","liability, civil rights acts (cf. liability, governmental and liability, nongovernmental; cruel and unusual punishment, non-death penalty)","1981-10-13",1,8,1,"Edwin S. Kneedler","","loc","https://www.oyez.org/cases/1981/80-824"
"52471",456,201,1982,"United States v. Erika, Inc.","","456 U.S. 201","1982-04-20","80-1594","1981","1981-10","judicial administration: jurisdiction or authority of the Court of Claims","1982-03-01",1,9,0,"Edwin S. Kneedler","","loc","https://www.oyez.org/cases/1981/80-1594"
"52657",459,344,1983,"Shepard v. National Labor Relations Board","","459 U.S. 344","1983-01-18","81-1627","1982","1982-10","union antitrust: legality of anticompetitive union activity","1982-12-06",1,1,8,"Edwin S. Kneedler","","loc","https://www.oyez.org/cases/1982/81-1627"
"52646",462,122,1983,"Bankamerica Corporation v. United States","","462 U.S. 122","1983-06-08","81-1487","1982","1982-10","antitrust (except in the context of mergers and union antitrust)","1983-01-19",1,5,3,"Edwin S. Kneedler","","loc","https://www.oyez.org/cases/1982/81-1487"
"52713",463,110,1983,"Nevada v. United States","","463 U.S. 110","1983-06-24","81-2245","1982","1982-10","natural resources - environmental protection (cf. national supremacy: natural resources, national supremacy: pollution)","1983-04-27",1,9,0,"Edwin S. Kneedler","","loc","https://www.oyez.org/cases/1982/81-2245"
"52841",467,883,1984,"Sure-Tan, Inc. v. National Labor Relations Board","","467 U.S. 883","1984-06-25","82-945","1983","1983-10","employability of aliens (cf. immigration and naturalization)","1983-12-06",1,2,7,"Edwin S. Kneedler","","loc","https://www.oyez.org/cases/1983/82-945"
"52902",466,648,1984,"United States v. Cronic","","466 U.S. 648","1984-05-14","82-660","1983","1983-10","right to counsel (cf. indigents appointment of counsel or inadequate representation)","1984-01-10",1,9,0,"Edwin S. Kneedler","","loc","https://www.oyez.org/cases/1983/82-660"
"52820",466,602,1984,"Heckler v. Ringer","","466 U.S. 602","1984-05-14","82-1772","1983","1983-10","poverty law, statutory: welfare benefits, typically under some Social Security Act provision.","1984-02-27",1,6,3,"Edwin S. Kneedler","","loc","https://www.oyez.org/cases/1983/82-1772"
"52795",468,1,1984,"Reed v. Ross","","468 U.S. 1","1984-06-27","83-218","1983","1983-10","habeas corpus","1984-03-27",1,4,5,"Edwin S. Kneedler","","loc","https://www.oyez.org/cases/1983/83-218"
"52949",470,226,1985,"County of Oneida, New York v. Oneida Indian Nation of New York State","","470 U.S. 226","1985-03-04","83-1065","1984","1984-10","Indians, state jurisdiction over","1984-10-01",1,4,5,"Edwin S. Kneedler","","loc","https://www.oyez.org/cases/1984/83-1065"
"53036",470,768,1985,"Lindahl v. Office of Personnel Management","","470 U.S. 768","1985-03-20","83-5954","1984","1984-10","judicial review of administrative agency's or administrative official's actions and procedures","1984-12-03",1,5,4,"Edwin S. Kneedler","","loc","https://www.oyez.org/cases/1984/83-5954"
"53023",471,759,1985,"Montana v. Blackfeet Tribe of Indians","","471 U.S. 759","1985-06-03","83-2161","1984","1984-10","Indians, state jurisdiction over","1985-01-15",1,3,6,"Edwin S. Kneedler","","loc","https://www.oyez.org/cases/1984/83-2161"
"53038",473,172,1985,"Williamson County Regional Planning Commission v. Hamilton Bank of Johnson City","","473 U.S. 172","1985-06-28","84-4","1984","1984-10","due process: takings clause, or other non-constitutional governmental taking of property","1985-02-19",1,7,0,"Edwin S. Kneedler","","loc","https://www.oyez.org/cases/1984/84-4"
"53023",471,759,1985,"Montana v. Blackfeet Tribe of Indians","","471 U.S. 759","1985-06-03","83-2161","1984","1984-10","Indians, state jurisdiction over","1985-04-23",1,3,6,"Edwin S. Kneedler","","loc","https://www.oyez.org/cases/1984/83-2161"
"53220",476,667,1986,"Bowen v. Michigan Academy of Family Physicians","","476 U.S. 667","1986-06-09","85-225","1985","1985-10","judicial review of administrative agency's or administrative official's actions and procedures","1986-01-22",1,0,8,"Edwin S. Kneedler","","loc","https://www.oyez.org/cases/1985/85-225"
"53265",476,467,1986,"Bowen v. City of New York","","476 U.S. 467","1986-06-02","84-1923","1985","1985-10","handicapped, rights of: under Rehabilitation, Americans with Disabilities Act, and related statutes","1986-02-26",1,0,9,"Edwin S. Kneedler","","loc","https://www.oyez.org/cases/1985/84-1923"
"53210",476,834,1986,"United States v. Mottaz","","476 U.S. 834","1986-06-11","85-546","1985","1985-10","Indians (other than pertains to state jurisdiction over)","1986-04-22",1,9,0,"Edwin S. Kneedler","","loc","https://www.oyez.org/cases/1985/85-546"
"53323",481,704,1987,"Hodel v. Irving","","481 U.S. 704","1987-05-18","85-637","1986","1986-10","due process: takings clause, or other non-constitutional governmental taking of property","1986-10-06",1,0,9,"Edwin S. Kneedler","","loc","https://www.oyez.org/cases/1986/85-637"
"53391",482,137,1987,"Bowen v. Yuckert","","482 U.S. 137","1987-06-08","85-1409","1986","1986-10","poverty law, statutory: welfare benefits, typically under some Social Security Act provision.","1987-01-13",1,6,3,"Edwin S. Kneedler","","loc","https://www.oyez.org/cases/1986/85-1409"
"53285",482,193,1987,"Utah Division of State Lands v. United States","","482 U.S. 193","1987-06-08","85-1772","1986","1986-10","federal-state ownership dispute (cf. Submerged Lands Act)","1987-03-23",1,5,4,"Edwin S. Kneedler","","loc","https://www.oyez.org/cases/1986/85-1772"
"62212",485,312,1988,"Boos v. Barry","","485 U.S. 312","1988-03-22","86-803","1987","1987-10","protest demonstrations (other than as pertains to sit-in demonstrations): demonstrations and other forms of protest based on First Amendment guarantees","1987-11-09",1,5,3,"Edwin S. Kneedler","","loc","https://www.oyez.org/cases/1987/86-803"
"53510",486,1,1988,"United States Department of Justice v. Julian","","486 U.S. 1","1988-05-16","86-1357","1987","1987-10","discovery and inspection (in the context of criminal litigation only, otherwise Freedom of Information Act and related federal or state statutes or regulations)","1988-01-19",1,3,5,"Edwin S. Kneedler","","loc","https://www.oyez.org/cases/1987/86-1357"
"62238",487,326,1988,"United States v. Taylor","","487 U.S. 326","1988-06-24","87-573","1987","1987-10","speedy trial","1988-04-25",1,6,3,"Edwin S. Kneedler","","loc","https://www.oyez.org/cases/1987/87-573"
"53548",490,920,1989,"California v. United States","","490 U.S. 920","1989-06-12","87-1165","1988","1988-10","Indians (other than pertains to state jurisdiction over)","1988-11-28",1,4,4,"Edwin S. Kneedler","","loc","https://www.oyez.org/cases/1988/87-1165"
"53514",490,153,1989,"American Foreign Service Association v. Garfinkel","","490 U.S. 153","1989-04-18","87-2127","1988","1988-10","mootness (cf. standing to sue: live dispute)","1989-03-20",1,9,0,"Edwin S. Kneedler","","loc","https://www.oyez.org/cases/1988/87-2127"
"53560",490,877,1989,"Sullivan v. Hudson","","490 U.S. 877","1989-06-12","88-616","1988","1988-10","attorneys' and governmental employees' or officials' fees or compensation or licenses","1989-04-17",1,4,5,"Edwin S. Kneedler","","loc","https://www.oyez.org/cases/1988/88-616"
"53757",493,146,1989,"John Doe Agency v. John Doe Corporation","","493 U.S. 146","1989-12-11","88-1083","1989","1989-10","Freedom of Information Act and related federal or state statutes or regulations","1989-10-02",1,6,3,"Edwin S. Kneedler","","loc","https://www.oyez.org/cases/1989/88-1083"
"53697",494,152,1990,"Crandon v. United States","","494 U.S. 152","1990-02-27","88-931","1989","1989-10","corruption, governmental or governmental regulation of other than as in campaign spending","1989-11-06",1,9,0,"Edwin S. Kneedler","","loc","https://www.oyez.org/cases/1989/88-931"
"53747",493,521,1990,"Sullivan v. Zebley","","493 U.S. 521","1990-02-20","88-1377","1989","1989-10","poverty law, statutory: welfare benefits, typically under some Social Security Act provision.","1989-11-28",1,2,7,"Edwin S. Kneedler","","loc","https://www.oyez.org/cases/1989/88-1377"
"53821",498,192,1991,"Cheek v. United States","","498 U.S. 192","1991-01-08","89-658","1990","1990-10","statutory construction of criminal laws: internal revenue (cf. Federal Taxation)","1990-10-03",1,6,2,"Edwin S. Kneedler","","loc","https://www.oyez.org/cases/1990/89-658"
"53880",498,211,1991,"Mobil Oil Exploration & Producing Southeast, Inc. v. United Distribution Companies","","498 U.S. 211","1991-01-08","89-1452","1990","1990-10","judicial review of administrative agency's or administrative official's actions and procedures","1990-11-05",1,8,0,"Edwin S. Kneedler","","loc","https://www.oyez.org/cases/1990/89-1452"
"53807",498,505,1991,"Oklahoma Tax Commission v. Citizen Band, Potawatomi Indian Tribe of Oklahoma","","498 U.S. 505","1991-02-26","89-1322","1990","1990-10","Indians, state jurisdiction over","1991-01-07",1,9,0,"Edwin S. Kneedler","","loc","https://www.oyez.org/cases/1990/89-1322"
"54027",502,251,1992,"County of Yakima v. Confederated Tribes & Bands of Yakima Indian Nation","","502 U.S. 251","1992-01-14","90-408","1991","1991-10","Indians, state jurisdiction over","1991-11-05",1,0,9,"Edwin S. Kneedler","","loc","https://www.oyez.org/cases/1991/90-408"
"53974",504,555,1992,"Lujan v. Defenders of Wildlife","","504 U.S. 555","1992-06-12","90-1424","1991","1991-10","standing to sue: direct injury","1991-12-03",1,6,3,"Edwin S. Kneedler","","loc","https://www.oyez.org/cases/1991/90-1424"
"54055",504,334,1992,"Chemical Waste Management, Inc. v. Hunt","","504 U.S. 334","1992-06-01","91-471","1991","1991-10","state or local government tax","1992-04-21",1,8,1,"Edwin S. Kneedler","","loc","https://www.oyez.org/cases/1991/91-471"
"54144",507,60,1993,"Itel Containers International Corporation v. Huddleston","","507 U.S. 60","1993-02-23","91-321","1992","1992-10","state or local government tax","1992-10-14",1,1,8,"Edwin S. Kneedler","","loc","https://www.oyez.org/cases/1992/91-321"
"54130",508,182,1993,"Lincoln v. Vigil","","508 U.S. 182","1993-05-24","91-1833","1992","1992-10","judicial review of administrative agency's or administrative official's actions and procedures","1993-03-03",1,9,0,"Edwin S. Kneedler","","loc","https://www.oyez.org/cases/1992/91-1833"
"54137",508,114,1993,"Oklahoma Tax Commission v. Sac and Fox Nation","","508 U.S. 114","1993-05-17","92-259","1992","1992-10","Indians, state jurisdiction over","1993-03-23",1,0,9,"Edwin S. Kneedler","","loc","https://www.oyez.org/cases/1992/92-259"
"54087",509,630,1993,"Shaw v. Reno","","509 U.S. 630","1993-06-28","92-357","1992","1992-10","reapportionment: other than plans governed by the Voting Rights Act","1993-04-20",1,5,4,"Edwin S. Kneedler","","loc","https://www.oyez.org/cases/1992/92-357"
"54259",510,43,1993,"United States v. James Daniel Good Real Property","","510 U.S. 43","1993-12-13","92-1180","1993","1993-10","due process: hearing or notice (other than as pertains to government employees or prisoners' rights)","1993-10-06",1,4,5,"Edwin S. Kneedler","","loc","https://www.oyez.org/cases/1993/92-1180"
"54209",511,164,1994,"Central Bank of Denver , N. A. v. First Interstate Bank of Denver , N. A.","","511 U.S. 164","1994-04-19","92-854","1993","1993-10","federal or state regulation of securities","1993-11-30",1,5,4,"Edwin S. Kneedler","","loc","https://www.oyez.org/cases/1993/92-854"
"54228",512,374,1994,"Dolan v. City of Tigard","","512 U.S. 374","1994-06-24","93-518","1993","1993-10","due process: takings clause, or other non-constitutional governmental taking of property","1994-03-23",1,5,4,"Edwin S. Kneedler","","loc","https://www.oyez.org/cases/1993/93-518"
"54364",513,18,1994,"U.S. Bancorp Mortgage Company v. Bonner Mall Partnership","","513 U.S. 18","1994-11-08","93-714","1994","1994-10","judicial administration: Supreme Court jurisdiction or authority on appeal or writ of error, from federal district courts or courts of appeals (cf. 753)","1994-10-04",1,0,9,"Edwin S. Kneedler","","loc","https://www.oyez.org/cases/1994/93-714"
"54283",514,476,1995,"Rubin v. Coors Brewing Company","","514 U.S. 476","1995-04-19","93-1631","1994","1994-10","commercial speech, excluding attorneys","1994-11-30",1,0,9,"Edwin S. Kneedler","","loc","https://www.oyez.org/cases/1994/93-1631"
"54292",514,645,1995,"New York State Conference of Blue Cross & Blue Shield Plans v. Travelers Ins. Co.","","514 U.S. 645","1995-04-26","93-1408","1994","1994-10","federal pre-emption of state legislation or regulation. cf. state regulation of business. rarely involves union activity. Does not involve constitutional interpretation unless the Court says it does.","1995-01-18",1,9,0,"Edwin S. Kneedler","","loc","https://www.oyez.org/cases/1994/93-1408"
"54282",515,687,1995,"Babbitt v. Sweet Home Chapter, Communities for a Great Oregon","","515 U.S. 687","1995-06-29","94-859","1994","1994-10","natural resources - environmental protection (cf. national supremacy: natural resources, national supremacy: pollution)","1995-04-17",1,6,3,"Edwin S. Kneedler","","loc","https://www.oyez.org/cases/1994/94-859"
"54445",516,489,1996,"Varity Corporation v. Howe","","516 U.S. 489","1996-03-19","94-1471","1995","1995-10","Employee Retirement Income Security Act (cf. union trust funds)","1995-11-01",1,3,6,"Edwin S. Kneedler","","loc","https://www.oyez.org/cases/1995/94-1471"
"54459",517,748,1996,"Loving v. United States","","517 U.S. 748","1996-06-03","94-1966","1995","1995-10","military: active duty","1996-01-09",1,0,9,"Edwin S. Kneedler","","loc","https://www.oyez.org/cases/1995/94-1966"
"54457",518,470,1996,"Medtronic Inc. v. Lohr","","518 U.S. 470","1996-06-26","95-754","1995","1995-10","federal pre-emption of state court jurisdiction","1996-04-23",1,4,5,"Edwin S. Kneedler","","loc","https://www.oyez.org/cases/1995/95-754"
"54472",519,1,1996,"Department of State v. Legal Assistance for Vietnamese Asylum Seekers, Inc.","","519 U.S. 1","1996-10-21","95-1521","1996","1996-10","immigration and naturalization: welfare benefits","1996-10-15",1,9,0,"Edwin S. Kneedler","","loc","https://www.oyez.org/cases/1996/95-1521"
"54514",520,154,1997,"Bennett v. Spear","","520 U.S. 154","1997-03-19","95-813","1996","1996-10","standing to sue: statutory standing","1996-11-13",1,9,0,"Edwin S. Kneedler","","loc","https://www.oyez.org/cases/1996/95-813"
"54524",520,806,1997,"De Buono v. NYSA-ILA Medical and Clinical Services Fund","","520 U.S. 806","1997-06-02","95-1594","1996","1996-10","federal pre-emption of state legislation or regulation. cf. state regulation of business. rarely involves union activity. Does not involve constitutional interpretation unless the Court says it does.","1997-02-24",1,7,0,"Edwin S. Kneedler","","loc","https://www.oyez.org/cases/1996/95-1594"
"54529",521,399,1997,"Richardson v. McKnight","","521 U.S. 399","1997-06-23","96-318","1996","1996-10","liability, civil rights acts (cf. liability, governmental and liability, nongovernmental; cruel and unusual punishment, non-death penalty)","1997-03-19",1,4,5,"Edwin S. Kneedler","","loc","https://www.oyez.org/cases/1996/96-318"
"54570",523,420,1998,"Miller v. Albright","","523 U.S. 420","1998-04-22","96-1060","1997","1997-10","illegitimates, rights of (cf. juveniles): typically inheritance and survivor's benefits, and paternity suits","1997-11-04",1,3,6,"Edwin S. Kneedler","","loc","https://www.oyez.org/cases/1997/96-1060"
"54601",523,75,1998,"Oncale v. Sundowner Offshore Services, Inc.","","523 U.S. 75","1998-03-04","96-568","1997","1997-10","sex discrimination in employment (cf. sex discrimination)","1997-12-03",1,9,0,"Edwin S. Kneedler","","loc","https://www.oyez.org/cases/1997/96-568"
"54611",524,156,1998,"Phillips v. Washington Legal Foundation","","524 U.S. 156","1998-06-15","96-1578","1997","1997-10","due process: takings clause, or other non-constitutional governmental taking of property","1998-01-13",1,4,5,"Edwin S. Kneedler","","loc","https://www.oyez.org/cases/1997/96-1578"
"54575",524,498,1998,"Eastern Enterprises v. Apfel","","524 U.S. 498","1998-06-25","97-42","1997","1997-10","due process: takings clause, or other non-constitutional governmental taking of property","1998-03-04",1,5,4,"Edwin S. Kneedler","","loc","https://www.oyez.org/cases/1997/97-42"
"54750",526,687,1998,"City of Monterey v. Del Monte Dunes at Monterey","","526 U.S. 687","1999-05-24","97-1235","1998","1998-10","due process: takings clause, or other non-constitutional governmental taking of property","1998-10-07",1,0,9,"Edwin S. Kneedler","","loc","https://www.oyez.org/cases/1998/97-1235"
"54759",525,459,1999,"NCAA v. Smith","","525 U.S. 459","1999-02-23","98-84","1998","1998-10","sex discrimination (excluding sex discrimination in employment)","1999-01-20",1,9,0,"Edwin S. Kneedler","","loc","https://www.oyez.org/cases/1998/98-84"
"54711",526,358,1999,"UNUM Life Insurance Company of America v. Ward","","526 U.S. 358","1999-04-20","97-1868","1998","1998-10","Employee Retirement Income Security Act (cf. union trust funds)","1999-02-24",1,0,9,"Edwin S. Kneedler","","loc","https://www.oyez.org/cases/1998/97-1868"
"54766",527,471,1999,"Sutton v. United Air Lines, Inc.","","527 U.S. 471","1999-06-22","97-1943","1998","1998-10","handicapped, rights of: under Rehabilitation, Americans with Disabilities Act, and related statutes","1999-04-28",1,2,7,"Edwin S. Kneedler","","loc","https://www.oyez.org/cases/1998/97-1943"
"54793",528,495,2000,"Rice v. Cayetano","","528 U.S. 495","2000-02-23","98-818","1999","1999-10","voting","1999-10-06",1,7,2,"Edwin S. Kneedler","","loc","https://www.oyez.org/cases/1999/98-818"
"54794",529,765,2000,"Vermont Agency of Natural Resources v. United States ex rel. Stevens","","529 U.S. 765","2000-05-22","98-1828","1999","1999-10","standing to sue: direct injury","1999-11-29",1,9,0,"Edwin S. Kneedler","","loc","https://www.oyez.org/cases/1999/98-1828"
"54800",529,728,2000,"Public Lands Council v. Babbitt","","529 U.S. 728","2000-05-15","98-1991","1999","1999-10","natural resources - environmental protection (cf. national supremacy: natural resources, national supremacy: pollution)","2000-03-01",1,0,9,"Edwin S. Kneedler","","loc","https://www.oyez.org/cases/1999/98-1991"
"54916",531,533,2001,"Legal Services Corporation v. Velazquez","","531 U.S. 533","2001-02-28","99-603","2000","2000-10","First Amendment, miscellaneous (cf. comity: First Amendment)","2000-10-04",1,4,5,"Edwin S. Kneedler","","loc","https://www.oyez.org/cases/2000/99-603"
"54933",533,53,2001,"Tuan Anh Nguyen v. Immigration and Naturalization Service","","533 U.S. 53","2001-06-11","99-2071","2000","2000-10","sex discrimination (excluding sex discrimination in employment)","2001-01-09",1,4,5,"Edwin S. Kneedler","","loc","https://www.oyez.org/cases/2000/99-2071"
"54872",533,678,2001,"Zadvydas v. Davis","","533 U.S. 678","2001-06-28","99-7791","2000","2000-10","deportation (cf. immigration and naturalization)","2001-02-21",1,5,4,"Edwin S. Kneedler","","loc","https://www.oyez.org/cases/2000/99-7791"
"54866",533,348,2001,"Calcano-Martinez v. INS","","533 U.S. 348","2001-06-25","00-1011","2000","2000-10","deportation (cf. immigration and naturalization)","2001-04-24",1,5,4,"Edwin S. Kneedler","","loc","https://www.oyez.org/cases/2000/00-1011"
"54926",533,289,2001,"Immigration and Naturalization Service v. St. Cyr","","533 U.S. 289","2001-06-25","00-767","2000","2000-10","deportation (cf. immigration and naturalization)","2001-04-24",1,4,5,"Edwin S. Kneedler","","loc","https://www.oyez.org/cases/2000/00-767"
"55003",535,1,2002,"New York v. Federal Energy Regulatory Commission","","535 U.S. 1","2002-03-04","00-568","2001","2001-10","judicial review of administrative agency's or administrative official's actions and procedures","2001-10-03",1,3,6,"Edwin S. Kneedler","","loc","https://www.oyez.org/cases/2001/00-568"
"55000",534,426,2002,"Owasso Independent School District No. I-011 v. Falvo","","534 U.S. 426","2002-02-19","00-1073","2001","2001-10","privacy (cf. libel, comity: privacy)","2001-11-27",1,9,0,"Edwin S. Kneedler","","loc","https://www.oyez.org/cases/2001/00-1073"
"54971",536,355,2002,"Rush Prudential HMO, Inc. v. Moran","","536 U.S. 355","2002-06-20","00-1021","2001","2001-10","federal pre-emption of state legislation or regulation. cf. state regulation of business. rarely involves union activity. Does not involve constitutional interpretation unless the Court says it does.","2002-01-16",1,4,5,"Edwin S. Kneedler","","loc","https://www.oyez.org/cases/2001/00-1021"
"54950",535,357,2002,"Thompson v. Western States Medical Center","","535 U.S. 357","2002-04-29","01-344","2001","2001-10","commercial speech, excluding attorneys","2002-02-26",1,4,5,"Edwin S. Kneedler","","loc","https://www.oyez.org/cases/2001/01-344"
"55044",537,71,2002,"United States v. Bean","","537 U.S. 71","2002-12-10","01-704","2002","2002-10","judicial review of administrative agency's or administrative official's actions and procedures","2002-10-16",1,9,0,"Edwin S. Kneedler","","loc","https://www.oyez.org/cases/2002/01-704"
"55092",537,488,2003,"United States v. Navajo Nation","","537 U.S. 488","2003-03-04","01-1375","2002","2002-10","Indians (other than pertains to state jurisdiction over)","2002-12-02",1,6,3,"Edwin S. Kneedler","","loc","https://www.oyez.org/cases/2002/01-1375"
"55107",538,644,2003,"Pharmaceutical Research & Manufacturers of America v. Walsh","","538 U.S. 644","2003-05-19","01-188","2002","2002-10","state or local government regulation, especially of business (cf. federal pre-emption of state court jurisdiction, federal pre-emption of state legislation or regulation)","2003-01-22",1,3,6,"Edwin S. Kneedler","","loc","https://www.oyez.org/cases/2002/01-188"
"55085",539,396,2003,"American Insurance Ass'n v. Garamendi","","539 U.S. 396","2003-06-23","02-722","2002","2002-10","federal pre-emption of state legislation or regulation. cf. state regulation of business. rarely involves union activity. Does not involve constitutional interpretation unless the Court says it does.","2003-04-23",1,5,4,"Edwin S. Kneedler","","loc","https://www.oyez.org/cases/2002/02-722"
"55197",540,736,2004,"United States Postal Service v. Flamingo Industries (USA), Limited","","540 U.S. 736","2004-02-25","02-1290","2003","2003-10","antitrust (except in the context of mergers and union antitrust)","2003-12-01",1,9,0,"Edwin S. Kneedler","","loc","https://www.oyez.org/cases/2003/02-1290"
"55125",541,193,2004,"United States v. Lara","","541 U.S. 193","2004-04-19","03-107","2003","2003-10","Indians (other than pertains to state jurisdiction over)","2004-01-21",1,7,2,"Edwin S. Kneedler","","loc","https://www.oyez.org/cases/2003/03-107"
"55164",542,55,2004,"Norton v. Southern Utah Wilderness Alliance","","542 U.S. 55","2004-06-14","03-101","2003","2003-10","natural resources - environmental protection (cf. national supremacy: natural resources, national supremacy: pollution)","2004-03-29",1,9,0,"Edwin S. Kneedler","","loc","https://www.oyez.org/cases/2003/03-101"
"55128",541,752,2004,"Department of Transportation v. Public Citizen","","541 U.S. 752","2004-06-07","03-358","2003","2003-10","natural resources - environmental protection (cf. national supremacy: natural resources, national supremacy: pollution)","2004-04-21",1,9,0,"Edwin S. Kneedler","","loc","https://www.oyez.org/cases/2003/03-358"
"55281",543,371,2005,"Clark v. Martinez","","543 U.S. 371","2005-01-12","03-878","2004","2004-10","deportation (cf. immigration and naturalization)","2004-10-13",1,2,7,"Edwin S. Kneedler","","scotusBound","https://www.oyez.org/cases/2004/03-878"
"55203",544,550,2005,"Johanns v. Livestock Marketing Association","","544 U.S. 550","2005-05-23","03-1164","2004","2004-10","commercial speech, excluding attorneys","2004-12-08",1,6,3,"Edwin S. Kneedler","","scotusBound","https://www.oyez.org/cases/2004/03-1164"
"55240",544,528,2005,"Lingle v. Chevron U. S. A. Inc.","","544 U.S. 528","2005-05-23","04-163","2004","2004-10","due process: takings clause, or other non-constitutional governmental taking of property","2005-02-22",1,9,0,"Edwin S. Kneedler","","scotusBound","https://www.oyez.org/cases/2004/04-163"
"55313",546,95,2005,"Wagnon v. Prairie Band Potawatomi Nation","","546 U.S. 95","2005-12-06","04-631","2005","2005-10","Indians, state jurisdiction over","2005-10-03",1,7,2,"Edwin S. Kneedler","","scotusBound","https://www.oyez.org/cases/2005/04-631"
"55361",546,418,2006,"Gonzales v. O Centro Espírita Beneficente União do Vegetal","","546 U.S. 418","2006-02-21","04-1084","2005","2005-10","free exercise of religion","2005-11-01",1,0,8,"Edwin S. Kneedler","","scotusBound","https://www.oyez.org/cases/2005/04-1084"
"55360",547,250,2006,"Hartman v. Moore","","547 U.S. 250","2006-04-26","04-1495","2005","2005-10","First Amendment, miscellaneous (cf. comity: First Amendment)","2006-01-10",1,5,2,"Edwin S. Kneedler","","scotusBound","https://www.oyez.org/cases/2005/04-1495"
"55322",547,410,2006,"Garcetti v. Ceballos","","547 U.S. 410","2006-05-30","04-473","2005","2005-10","First Amendment, miscellaneous (cf. comity: First Amendment)","2006-03-21",1,5,4,"Edwin S. Kneedler","","scotusBound","https://www.oyez.org/cases/2005/04-473"
"55453",549,47,2006,"Lopez v. Gonzales","","549 U.S. 47","2006-12-05","05-547","2006","2006-10","deportation (cf. immigration and naturalization)","2006-10-03",1,8,1,"Edwin S. Kneedler","","scotusBound","https://www.oyez.org/cases/2006/05-547"
"55437",551,393,2007,"Morse v. Frederick","","551 U.S. 393","2007-06-25","06-278","2006","2006-10","protest demonstrations (other than as pertains to sit-in demonstrations): demonstrations and other forms of protest based on First Amendment guarantees","2007-03-19",1,5,4,"Edwin S. Kneedler","","scotusBound","https://www.oyez.org/cases/2006/06-278"
"55387",551,644,2007,"National Association of Home Builders v. Defenders of Wildlife","","551 U.S. 644","2007-06-25","06-340","2006","2006-10","natural resources - environmental protection (cf. national supremacy: natural resources, national supremacy: pollution)","2007-04-17",1,5,4,"Edwin S. Kneedler","","scotusBound","https://www.oyez.org/cases/2006/06-340"
"55475",552,312,2008,"Riegel v. Medtronic, Inc.","","552 U.S. 312","2008-02-20","06-179","2007","2007-10","federal pre-emption of state court jurisdiction","2007-12-04",1,1,8,"Edwin S. Kneedler","","scotusBound","https://www.oyez.org/cases/2007/06-179"
"55491",554,1,2008,"Dada v. Mukasey","","554 U.S. 1","2008-06-16","06-1181","2007","2007-10","deportation (cf. immigration and naturalization)","2008-01-07",1,5,4,"Edwin S. Kneedler","","scotusBound","https://www.oyez.org/cases/2007/06-1181"
"55532",554,527,2008,"Morgan Stanley Capital Group Inc. v. Public Utility District No. 1 of Snohomish County","","554 U.S. 527","2008-06-26","06-1457","2007","2007-10","federal and some few state regulation of public utilities regulation: electric power","2008-02-19",1,5,2,"Edwin S. Kneedler","","scotusBound","https://www.oyez.org/cases/2007/06-1457"
"55533",553,851,2008,"Republic of Philippines v. Pimentel","","553 U.S. 851","2008-06-12","06-1204","2007","2007-10","judicial administration: interpleader","2008-03-17",1,7,2,"Edwin S. Kneedler","","scotusBound","https://www.oyez.org/cases/2007/06-1204"
"55593",555,0,2009,"Summers v. Earth Island Institute","","555 U.S. ___","2009-03-03","07-463","2008","2008-10","standing to sue: live dispute","2008-10-08",1,5,4,"Edwin S. Kneedler","","scotusBound","https://www.oyez.org/cases/2008/07-463"
"55586",555,0,2009,"Wyeth v. Levine","","555 U.S. ___","2009-03-04","06-1249","2008","2008-10","federal pre-emption of state legislation or regulation. cf. state regulation of business. rarely involves union activity. Does not involve constitutional interpretation unless the Court says it does.","2008-11-03",1,3,6,"Edwin S. Kneedler","","scotusBound","https://www.oyez.org/cases/2008/06-1249"
"55614",556,0,2009,"Nken v. Holder","","556 U.S. ___","2009-04-22","08-681","2008","2008-10","deportation (cf. immigration and naturalization)","2009-01-21",1,7,2,"Edwin S. Kneedler","","scotusBound","https://www.oyez.org/cases/2008/08-681"
"55609",556,0,2009,"United States v. Navajo Nation","","556 U.S. ___","2009-04-06","07-1410","2008","2008-10","Indians (other than pertains to state jurisdiction over)","2009-02-23",1,9,0,"Edwin S. Kneedler","","scotusBound","https://www.oyez.org/cases/2008/07-1410"
"55561",557,0,2009,"Ricci v. DeStefano","","557 U.S. ___","2009-06-29","07-1428","2008","2008-10","affirmative action","2009-04-22",1,5,4,"Edwin S. Kneedler","","scotusBound","https://www.oyez.org/cases/2008/07-1428"
"55672",558,100,2009,"Mohawk Industries, Inc. v. Carpenter","","558 U.S. 100","2009-12-08","08-678","2009","2009-10","judicial administration: untimely filing","2009-10-05",1,0,9,"Edwin S. Kneedler","","scotusBound","https://www.oyez.org/cases/2009/08-678"
"55621",560,702,2010,"Stop the Beach Renourishment Inc. v. Florida Department of Environmental Protection","","560 U.S. 702","2010-06-17","08-1151","2009","2009-10","due process: takings clause, or other non-constitutional governmental taking of property","2009-12-02",1,0,8,"Edwin S. Kneedler","","scotusBound","https://www.oyez.org/cases/2009/08-1151"
"55652",560,330,2010,"Alabama v. North Carolina","","560 U.S. 330","2010-06-01","132 Orig.","2009","2009-10","natural resources - environmental protection (cf. national supremacy: natural resources, national supremacy: pollution)","2010-01-11",1,3,6,"Edwin S. Kneedler","","scotusBound","https://www.oyez.org/cases/2009/132-orig"
"55629",560,305,2010,"Samantar v. Yousuf","","560 U.S. 305","2010-06-01","08-1555","2009","2009-10","liability, other than as in sufficiency of evidence, election of remedies, punitive damages","2010-03-03",1,0,9,"Edwin S. Kneedler","","scotusBound","https://www.oyez.org/cases/2009/08-1555"
"55766",564,0,2011,"Flores-Villar v. United States","","564 U.S. ___","2011-06-13","09-5801","2010","2010-10","immigration and naturalization: citizenship","2010-11-10",1,4,4,"Edwin S. Kneedler","","scotusBound","https://www.oyez.org/cases/2010/09-5801"
"55753",563,421,2011,"CIGNA v. Amara","","563 U.S. 421","2011-05-16","09-804","2010","2010-10","Employee Retirement Income Security Act (cf. union trust funds)","2010-11-30",1,8,0,"Edwin S. Kneedler","","scotusBound","https://www.oyez.org/cases/2010/09-804"
"55728",564,0,2011,"PLIVA, Inc. v. Mensing","","564 U.S. ___","2011-06-23","09-993","2010","2010-10","federal pre-emption of state legislation or regulation. cf. state regulation of business. rarely involves union activity. Does not involve constitutional interpretation unless the Court says it does.","2011-03-30",1,5,4,"Edwin S. Kneedler","","scotusBound","https://www.oyez.org/cases/2010/09-993"
"55749",564,0,2011,"Sorrell v. IMS Health Inc.","","564 U.S. ___","2011-06-23","10-779","2010","2010-10","commercial speech, excluding attorneys","2011-04-26",1,3,6,"Edwin S. Kneedler","","scotusBound","https://www.oyez.org/cases/2010/10-779"
"55845",565,0,2012,"Douglas v. Independent Living Center of Southern California","","565 U.S. ___","2012-02-22","09-958","2011","2011-10","poverty law, constitutional","2011-10-03",1,5,4,"Edwin S. Kneedler","","scotusBound","https://www.oyez.org/cases/2011/09-958"
"55838",565,0,2012,"PPL Montana v. Montana","","565 U.S. ___","2012-02-22","10-218","2011","2011-10","natural resources - environmental protection (cf. national supremacy: natural resources, national supremacy: pollution)","2011-12-07",1,9,0,"Edwin S. Kneedler","","scotusBound","https://www.oyez.org/cases/2011/10-218"
"55869",569,108,2013,"Kiobel v. Royal Dutch Petroleum","","569 U.S. 108","2013-04-17","10-1491","2011","2011-10","standing to sue: legal injury","2012-02-28",1,0,9,"Edwin S. Kneedler","","scotusBound","https://www.oyez.org/cases/2011/10-1491"
"55837",567,0,2012,"National Federation of Independent Business v. Sebelius","","567 U.S. ___","2012-06-28","11-393","2011","2011-10","national supremacy: miscellaneous","2012-03-26,2012-03-27,2012-03-28",3,4,5,"Edwin S. Kneedler","","scotusBound","https://www.oyez.org/cases/2011/11-393"
"55949",568,0,2012,"Arkansas Game & Fish Commission v. United States of America","","568 U.S. ___","2012-12-04","11-597","2012","2012-10","due process: takings clause, or other non-constitutional governmental taking of property","2012-10-03",1,8,0,"Edwin S. Kneedler","","slipopinion/12","https://www.oyez.org/cases/2012/11-597"
"55914",568,145,2013,"Sebelius v. Auburn Regional Medical Center","","568 U.S. 145","2013-01-22","11-1231","2012","2012-10","judicial review of administrative agency's or administrative official's actions and procedures","2012-12-04",1,9,0,"Edwin S. Kneedler","","slipopinion/12","https://www.oyez.org/cases/2012/11-1231"
"55937",570,0,2013,"Koontz v. St. John's River Water Management","","570 U.S. ___","2013-06-25","11-1447","2012","2012-10","due process: takings clause, or other non-constitutional governmental taking of property","2013-01-15",1,5,4,"Edwin S. Kneedler","","slipopinion/12","https://www.oyez.org/cases/2012/11-1447"
"55966",570,0,2013,"Adoptive Couple v. Baby Girl","","570 U.S. ___","2013-06-25","12-399","2012","2012-10","Indians (other than pertains to state jurisdiction over)","2013-04-16",1,5,4,"Edwin S. Kneedler","","slipopinion/12","https://www.oyez.org/cases/2012/12-399"
"55980",571,0,2014,"Daimler AG v. Bauman","","571 U.S. ___","2014-01-14","11-965","2013","2013-10","due process: jurisdiction (jurisdiction over non-resident litigants)","2013-10-15",1,9,0,"Edwin S. Kneedler","","slipopinion/13","https://www.oyez.org/cases/2013/11-965"
"55975",572,0,2014,"Michigan v. Bay Mills Indian Community","","572 U.S. ___","2014-05-27","12-515","2013","2013-10","Indians, state jurisdiction over","2013-12-02",1,4,5,"Edwin S. Kneedler","","slipopinion/13","https://www.oyez.org/cases/2013/12-515"
"55988",573,0,2014,"Fifth Third Bancorp v. Dudenhoeffer","","573 U.S. ___","2014-06-25","12-751","2013","2013-10","Employee Retirement Income Security Act (cf. union trust funds)","2014-04-02",1,9,0,"Edwin S. Kneedler","","slipopinion/13","https://www.oyez.org/cases/2013/12-751"
"62256",573,0,2014,"Argentina v. NML Capital, Ltd.","","573 U.S. ___","2014-06-16","12-842","2013","2013-10","Freedom of Information Act and related federal or state statutes or regulations","2014-04-21",1,1,7,"Edwin S. Kneedler","","slipopinion/13","https://www.oyez.org/cases/2013/12-842"
"56051",575,0,2015,"Perez v. Mortgage Bankers Association","","575 U.S. ___","2015-03-09","13-1041","2014","2014-10","Fair Labor Standards Act","2014-12-01",1,9,0,"Edwin S. Kneedler","","slipopinion/14","https://www.oyez.org/cases/2014/13-1041"
"56141",575,0,2015,"Armstrong v. Exceptional Child Center, Inc.","","575 U.S. ___","2015-03-31","14-15","2014","2014-10","standing to sue: private or implied cause of action","2015-01-20",1,5,4,"Edwin S. Kneedler","","slipopinion/14","https://www.oyez.org/cases/2014/14-15"
"56074",576,0,2015,"Kerry v. Din","","576 U.S. ___","2015-06-15","13-1402","2014","2014-10","immigration and naturalization: miscellaneous","2015-02-23",1,5,4,"Edwin S. Kneedler","","slipopinion/14","https://www.oyez.org/cases/2014/13-1402"
"56145",576,0,2015,"Horne v. Department of Agriculture","","576 U.S. ___","2015-06-22","14-275","2014","2014-10","due process: takings clause, or other non-constitutional governmental taking of property","2015-04-22",1,8,1,"Edwin S. Kneedler","","slipopinion/14","https://www.oyez.org/cases/2014/14-275"
"62323",577,0,2015,"OBB Personenverkehr AG v. Sachs","","577 U.S. ___","2015-12-01","13-1067","2015","2015-10","liability, governmental: tort or contract actions by or against government or governmental officials other than defense of criminal actions brought under a civil rights action.","2015-10-05",1,9,0,"Edwin S. Kneedler","","slipopinion/15","https://www.oyez.org/cases/2015/13-1067"
"62306",579,0,2016,"Dollar General Corporation v. Mississippi Band of Choctaw Indians","","579 U.S. ___","2016-06-23","13-1496","2015","2015-10","Indians (other than pertains to state jurisdiction over)","2015-12-07",1,4,4,"Edwin S. Kneedler","","slipopinion/15","https://www.oyez.org/cases/2015/13-1496"
"62588",578,0,2016,"Bank Markazi v. Peterson","","578 U.S. ___","2016-04-20","14-770","2015","2015-10","liability, governmental: tort or contract actions by or against government or governmental officials other than defense of criminal actions brought under a civil rights action.","2016-01-13",1,2,6,"Edwin S. Kneedler","","slipopinion/15","https://www.oyez.org/cases/2015/14-770"
"62738",582,0,2017,"Sessions v. Morales-Santana","","582 U.S. ___","2017-06-12","15-1191","2016","2016-10","immigration and naturalization: citizenship","2016-11-09",1,8,0,"Edwin S. Kneedler","","slipopinion/16","https://www.oyez.org/cases/2016/15-1191"
"62754",584,0,2018,"Sessions v. Dimaya","","584 U.S. ___","2018-04-17","15-1498","2016","2016-10","due process: hearing or notice (other than as pertains to government employees or prisoners' rights)","2017-01-17",1,4,5,"Edwin S. Kneedler","","slipopinion/17","https://www.oyez.org/cases/2017/15-1498"
"62767",582,0,2017,"Hernandez v. Mesa","","582 U.S. ___","2017-06-26","15-118","2016","2016-10","liability, civil rights acts (cf. liability, governmental and liability, nongovernmental; cruel and unusual punishment, non-death penalty)","2017-02-21",1,5,3,"Edwin S. Kneedler","","slipopinion/16","https://www.oyez.org/cases/2016/15-118"
"62754",584,0,2018,"Sessions v. Dimaya","","584 U.S. ___","2018-04-17","15-1498","2017","2017-10","due process: hearing or notice (other than as pertains to government employees or prisoners' rights)","2017-10-02",1,4,5,"Edwin S. Kneedler","","slipopinion/17","https://www.oyez.org/cases/2017/15-1498"
"62909",585,0,2018,"Florida v. Georgia","","585 U.S. ___","2018-06-27","142 Orig.","2017","2017-10","non-real property dispute between states","2018-01-08",1,5,4,"Edwin S. Kneedler","","slipopinion/17","https://www.oyez.org/cases/2017/142-orig"
"62941",585,0,2018,"Abbott v. Perez","","585 U.S. ___","2018-06-25","17-586","2017","2017-10","Voting Rights Act of 1965, plus amendments","2018-04-24",1,5,4,"Edwin S. Kneedler","","slipopinion/17","https://www.oyez.org/cases/2017/17-586"
"62955",586,0,2018,"Weyerhaeuser Company v. United States Fish and Wildlife Service","","586 U.S. ___","2018-11-27","17-71","2018","2018-10","","2018-10-01",1,0,0,"Edwin S. Kneedler","","slipopinion/18","https://www.oyez.org/cases/2018/17-71"
"63003",0,0,0,"Sturgeon v. Frost","","___ U.S. ___","","17-949","2018","2018-10","","2018-11-05",1,0,0,"Edwin S. Kneedler","","slipopinion/18","https://www.oyez.org/cases/2018/17-949"
"62996",0,0,0,"Carpenter v. Murphy","","___ U.S. ___","","17-1107","2018","2018-10","","2018-11-27",1,0,0,"Edwin S. Kneedler","","slipopinion/18","https://www.oyez.org/cases/2018/17-1107"
"63027",0,0,0,"Azar v. Allina Health Services","","___ U.S. ___","","17-1484","2018","2018-10","","2019-01-15",1,0,0,"Edwin S. Kneedler","","slipopinion/18","https://www.oyez.org/cases/2018/17-1484"
